"filename", "language", "JavaScript", "Vue", "CSS", "SCSS", "YAML", "XML", "comment", "blank", "total"
"d:\Employment\code\Club_Management_System\vue-element-admin\src\App.vue", "Vue", 0, 10, 0, 0, 0, 0, 0, 2, 12
"d:\Employment\code\Club_Management_System\vue-element-admin\src\api\activity.js", "JavaScript", 16, 0, 0, 0, 0, 0, 5, 4, 25
"d:\Employment\code\Club_Management_System\vue-element-admin\src\api\article.js", "JavaScript", 22, 0, 0, 0, 0, 0, 7, 7, 36
"d:\Employment\code\Club_Management_System\vue-element-admin\src\api\department.js", "JavaScript", 22, 0, 0, 0, 0, 0, 7, 1, 30
"d:\Employment\code\Club_Management_System\vue-element-admin\src\api\expense.js", "JavaScript", 19, 0, 0, 0, 0, 0, 8, 3, 30
"d:\Employment\code\Club_Management_System\vue-element-admin\src\api\income.js", "JavaScript", 16, 0, 0, 0, 0, 0, 7, 2, 25
"d:\Employment\code\Club_Management_System\vue-element-admin\src\api\log.js", "JavaScript", 4, 0, 0, 0, 0, 0, 1, 0, 5
"d:\Employment\code\Club_Management_System\vue-element-admin\src\api\meeting.js", "JavaScript", 13, 0, 0, 0, 0, 0, 6, 3, 22
"d:\Employment\code\Club_Management_System\vue-element-admin\src\api\menu.js", "JavaScript", 16, 0, 0, 0, 0, 0, 5, 0, 21
"d:\Employment\code\Club_Management_System\vue-element-admin\src\api\qiniu.js", "JavaScript", 7, 0, 0, 0, 0, 0, 0, 2, 9
"d:\Employment\code\Club_Management_System\vue-element-admin\src\api\remote-search.js", "JavaScript", 15, 0, 0, 0, 0, 0, 0, 3, 18
"d:\Employment\code\Club_Management_System\vue-element-admin\src\api\role.js", "JavaScript", 19, 0, 0, 0, 0, 0, 6, 1, 26
"d:\Employment\code\Club_Management_System\vue-element-admin\src\api\user.js", "JavaScript", 49, 0, 0, 0, 0, 0, 16, 2, 67
"d:\Employment\code\Club_Management_System\vue-element-admin\src\assets\custom-theme\index.css", "CSS", 0, 0, 1, 0, 0, 0, 0, 0, 1
"d:\Employment\code\Club_Management_System\vue-element-admin\src\components\BackToTop\index.vue", "Vue", 0, 105, 0, 0, 0, 0, 0, 7, 112
"d:\Employment\code\Club_Management_System\vue-element-admin\src\components\Breadcrumb\index.vue", "Vue", 0, 73, 0, 0, 0, 0, 3, 7, 83
"d:\Employment\code\Club_Management_System\vue-element-admin\src\components\Charts\Keyboard.vue", "Vue", 0, 152, 0, 0, 0, 0, 0, 4, 156
"d:\Employment\code\Club_Management_System\vue-element-admin\src\components\Charts\LineMarker.vue", "Vue", 0, 222, 0, 0, 0, 0, 0, 6, 228
"d:\Employment\code\Club_Management_System\vue-element-admin\src\components\Charts\MixChart.vue", "Vue", 0, 265, 0, 0, 0, 0, 0, 7, 272
"d:\Employment\code\Club_Management_System\vue-element-admin\src\components\Charts\mixins\resize.js", "JavaScript", 48, 0, 0, 0, 0, 0, 4, 5, 57
"d:\Employment\code\Club_Management_System\vue-element-admin\src\components\DndList\index.vue", "Vue", 0, 155, 0, 0, 0, 0, 2, 10, 167
"d:\Employment\code\Club_Management_System\vue-element-admin\src\components\DragSelect\index.vue", "Vue", 0, 59, 0, 0, 0, 0, 2, 5, 66
"d:\Employment\code\Club_Management_System\vue-element-admin\src\components\Dropzone\index.vue", "Vue", 0, 265, 0, 0, 0, 0, 11, 22, 298
"d:\Employment\code\Club_Management_System\vue-element-admin\src\components\ErrorLog\index.vue", "Vue", 0, 75, 0, 0, 0, 0, 0, 4, 79
"d:\Employment\code\Club_Management_System\vue-element-admin\src\components\GithubCorner\index.vue", "Vue", 0, 51, 0, 0, 0, 0, 0, 4, 55
"d:\Employment\code\Club_Management_System\vue-element-admin\src\components\Hamburger\index.vue", "Vue", 0, 41, 0, 0, 0, 0, 0, 4, 45
"d:\Employment\code\Club_Management_System\vue-element-admin\src\components\HeaderSearch\index.vue", "Vue", 0, 160, 0, 0, 0, 0, 8, 13, 181
"d:\Employment\code\Club_Management_System\vue-element-admin\src\components\ImageCropper\index.vue", "Vue", 0, 1688, 0, 0, 0, 0, 84, 8, 1780
"d:\Employment\code\Club_Management_System\vue-element-admin\src\components\ImageCropper\utils\data2blob.js", "JavaScript", 11, 0, 0, 0, 0, 0, 8, 1, 20
"d:\Employment\code\Club_Management_System\vue-element-admin\src\components\ImageCropper\utils\effectRipple.js", "JavaScript", 32, 0, 0, 0, 0, 0, 7, 1, 40
"d:\Employment\code\Club_Management_System\vue-element-admin\src\components\ImageCropper\utils\language.js", "JavaScript", 230, 0, 0, 0, 0, 0, 0, 3, 233
"d:\Employment\code\Club_Management_System\vue-element-admin\src\components\ImageCropper\utils\mimes.js", "JavaScript", 7, 0, 0, 0, 0, 0, 0, 1, 8
"d:\Employment\code\Club_Management_System\vue-element-admin\src\components\JsonEditor\index.vue", "Vue", 0, 69, 0, 0, 0, 0, 1, 8, 78
"d:\Employment\code\Club_Management_System\vue-element-admin\src\components\Kanban\index.vue", "Vue", 0, 91, 0, 0, 0, 0, 2, 7, 100
"d:\Employment\code\Club_Management_System\vue-element-admin\src\components\MDinput\index.vue", "Vue", 0, 341, 0, 0, 0, 0, 13, 7, 361
"d:\Employment\code\Club_Management_System\vue-element-admin\src\components\MarkdownEditor\default-options.js", "JavaScript", 30, 0, 0, 0, 0, 0, 1, 1, 32
"d:\Employment\code\Club_Management_System\vue-element-admin\src\components\MarkdownEditor\index.vue", "Vue", 0, 114, 0, 0, 0, 0, 1, 4, 119
"d:\Employment\code\Club_Management_System\vue-element-admin\src\components\Pagination\index.vue", "Vue", 0, 98, 0, 0, 0, 0, 0, 4, 102
"d:\Employment\code\Club_Management_System\vue-element-admin\src\components\PanThumb\index.vue", "Vue", 0, 118, 0, 0, 0, 0, 12, 13, 143
"d:\Employment\code\Club_Management_System\vue-element-admin\src\components\RightPanel\index.vue", "Vue", 0, 136, 0, 0, 0, 0, 0, 10, 146
"d:\Employment\code\Club_Management_System\vue-element-admin\src\components\Screenfull\index.vue", "Vue", 0, 57, 0, 0, 0, 0, 0, 4, 61
"d:\Employment\code\Club_Management_System\vue-element-admin\src\components\Share\DropdownMenu.vue", "Vue", 0, 101, 0, 0, 0, 0, 0, 3, 104
"d:\Employment\code\Club_Management_System\vue-element-admin\src\components\SizeSelect\index.vue", "Vue", 0, 52, 0, 0, 0, 0, 1, 5, 58
"d:\Employment\code\Club_Management_System\vue-element-admin\src\components\Sticky\index.vue", "Vue", 0, 90, 0, 0, 0, 0, 0, 2, 92
"d:\Employment\code\Club_Management_System\vue-element-admin\src\components\SvgIcon\index.vue", "Vue", 0, 57, 0, 0, 0, 0, 1, 5, 63
"d:\Employment\code\Club_Management_System\vue-element-admin\src\components\TextHoverEffect\Mallki.vue", "Vue", 0, 100, 0, 0, 0, 0, 1, 13, 114
"d:\Employment\code\Club_Management_System\vue-element-admin\src\components\ThemePicker\index.vue", "Vue", 0, 150, 0, 0, 0, 0, 0, 26, 176
"d:\Employment\code\Club_Management_System\vue-element-admin\src\components\Tinymce\components\EditorImage.vue", "Vue", 0, 126, 0, 0, 0, 0, 0, 4, 130
"d:\Employment\code\Club_Management_System\vue-element-admin\src\components\Tinymce\dynamicLoadScript.js", "JavaScript", 48, 0, 0, 0, 0, 0, 4, 8, 60
"d:\Employment\code\Club_Management_System\vue-element-admin\src\components\Tinymce\index.vue", "Vue", 0, 196, 0, 0, 0, 0, 43, 11, 250
"d:\Employment\code\Club_Management_System\vue-element-admin\src\components\Tinymce\plugins.js", "JavaScript", 2, 0, 0, 0, 0, 0, 3, 3, 8
"d:\Employment\code\Club_Management_System\vue-element-admin\src\components\Tinymce\toolbar.js", "JavaScript", 2, 0, 0, 0, 0, 0, 2, 3, 7
"d:\Employment\code\Club_Management_System\vue-element-admin\src\components\UploadExcel\index.vue", "Vue", 0, 131, 0, 0, 0, 0, 2, 6, 139
"d:\Employment\code\Club_Management_System\vue-element-admin\src\components\Upload\SingleImage.vue", "Vue", 0, 130, 0, 0, 0, 0, 0, 5, 135
"d:\Employment\code\Club_Management_System\vue-element-admin\src\components\Upload\SingleImage2.vue", "Vue", 0, 127, 0, 0, 0, 0, 0, 4, 131
"d:\Employment\code\Club_Management_System\vue-element-admin\src\components\Upload\SingleImage3.vue", "Vue", 0, 154, 0, 0, 0, 0, 0, 4, 158
"d:\Employment\code\Club_Management_System\vue-element-admin\src\components\system\DetailsDialog.vue", "Vue", 0, 79, 0, 0, 0, 0, 2, 2, 83
"d:\Employment\code\Club_Management_System\vue-element-admin\src\components\system\SysDialog.vue", "Vue", 0, 79, 0, 0, 0, 0, 2, 2, 83
"d:\Employment\code\Club_Management_System\vue-element-admin\src\directive\clipboard\clipboard.js", "JavaScript", 47, 0, 0, 0, 0, 0, 1, 2, 50
"d:\Employment\code\Club_Management_System\vue-element-admin\src\directive\clipboard\index.js", "JavaScript", 10, 0, 0, 0, 0, 0, 0, 4, 14
"d:\Employment\code\Club_Management_System\vue-element-admin\src\directive\el-drag-dialog\drag.js", "JavaScript", 56, 0, 0, 0, 0, 0, 7, 15, 78
"d:\Employment\code\Club_Management_System\vue-element-admin\src\directive\el-drag-dialog\index.js", "JavaScript", 10, 0, 0, 0, 0, 0, 0, 4, 14
"d:\Employment\code\Club_Management_System\vue-element-admin\src\directive\el-table\adaptive.js", "JavaScript", 27, 0, 0, 0, 0, 0, 7, 8, 42
"d:\Employment\code\Club_Management_System\vue-element-admin\src\directive\el-table\index.js", "JavaScript", 10, 0, 0, 0, 0, 0, 0, 4, 14
"d:\Employment\code\Club_Management_System\vue-element-admin\src\directive\permission\index.js", "JavaScript", 10, 0, 0, 0, 0, 0, 0, 4, 14
"d:\Employment\code\Club_Management_System\vue-element-admin\src\directive\permission\permission.js", "JavaScript", 26, 0, 0, 0, 0, 0, 0, 6, 32
"d:\Employment\code\Club_Management_System\vue-element-admin\src\directive\sticky.js", "JavaScript", 72, 0, 0, 0, 0, 0, 6, 14, 92
"d:\Employment\code\Club_Management_System\vue-element-admin\src\directive\waves\index.js", "JavaScript", 10, 0, 0, 0, 0, 0, 0, 4, 14
"d:\Employment\code\Club_Management_System\vue-element-admin\src\directive\waves\waves.css", "CSS", 0, 0, 25, 0, 0, 0, 0, 1, 26
"d:\Employment\code\Club_Management_System\vue-element-admin\src\directive\waves\waves.js", "JavaScript", 67, 0, 0, 0, 0, 0, 0, 6, 73
"d:\Employment\code\Club_Management_System\vue-element-admin\src\filters\index.js", "JavaScript", 39, 0, 0, 0, 0, 0, 24, 6, 69
"d:\Employment\code\Club_Management_System\vue-element-admin\src\icons\index.js", "JavaScript", 6, 0, 0, 0, 0, 0, 1, 3, 10
"d:\Employment\code\Club_Management_System\vue-element-admin\src\icons\svg\404.svg", "XML", 0, 0, 0, 0, 0, 1, 0, 0, 1
"d:\Employment\code\Club_Management_System\vue-element-admin\src\icons\svg\add-s.svg", "XML", 0, 0, 0, 0, 0, 1, 0, 0, 1
"d:\Employment\code\Club_Management_System\vue-element-admin\src\icons\svg\bug.svg", "XML", 0, 0, 0, 0, 0, 1, 0, 0, 1
"d:\Employment\code\Club_Management_System\vue-element-admin\src\icons\svg\chart.svg", "XML", 0, 0, 0, 0, 0, 1, 0, 0, 1
"d:\Employment\code\Club_Management_System\vue-element-admin\src\icons\svg\clipboard.svg", "XML", 0, 0, 0, 0, 0, 1, 0, 0, 1
"d:\Employment\code\Club_Management_System\vue-element-admin\src\icons\svg\component.svg", "XML", 0, 0, 0, 0, 0, 1, 0, 0, 1
"d:\Employment\code\Club_Management_System\vue-element-admin\src\icons\svg\dashboard.svg", "XML", 0, 0, 0, 0, 0, 1, 0, 0, 1
"d:\Employment\code\Club_Management_System\vue-element-admin\src\icons\svg\documentation.svg", "XML", 0, 0, 0, 0, 0, 1, 0, 0, 1
"d:\Employment\code\Club_Management_System\vue-element-admin\src\icons\svg\drag.svg", "XML", 0, 0, 0, 0, 0, 1, 0, 0, 1
"d:\Employment\code\Club_Management_System\vue-element-admin\src\icons\svg\edit.svg", "XML", 0, 0, 0, 0, 0, 1, 0, 0, 1
"d:\Employment\code\Club_Management_System\vue-element-admin\src\icons\svg\education.svg", "XML", 0, 0, 0, 0, 0, 1, 0, 0, 1
"d:\Employment\code\Club_Management_System\vue-element-admin\src\icons\svg\email.svg", "XML", 0, 0, 0, 0, 0, 1, 0, 0, 1
"d:\Employment\code\Club_Management_System\vue-element-admin\src\icons\svg\example.svg", "XML", 0, 0, 0, 0, 0, 1, 0, 0, 1
"d:\Employment\code\Club_Management_System\vue-element-admin\src\icons\svg\excel.svg", "XML", 0, 0, 0, 0, 0, 1, 0, 0, 1
"d:\Employment\code\Club_Management_System\vue-element-admin\src\icons\svg\exit-fullscreen.svg", "XML", 0, 0, 0, 0, 0, 1, 0, 0, 1
"d:\Employment\code\Club_Management_System\vue-element-admin\src\icons\svg\eye-open.svg", "XML", 0, 0, 0, 0, 0, 1, 0, 0, 1
"d:\Employment\code\Club_Management_System\vue-element-admin\src\icons\svg\eye.svg", "XML", 0, 0, 0, 0, 0, 1, 0, 0, 1
"d:\Employment\code\Club_Management_System\vue-element-admin\src\icons\svg\form.svg", "XML", 0, 0, 0, 0, 0, 1, 0, 0, 1
"d:\Employment\code\Club_Management_System\vue-element-admin\src\icons\svg\fullscreen.svg", "XML", 0, 0, 0, 0, 0, 1, 0, 0, 1
"d:\Employment\code\Club_Management_System\vue-element-admin\src\icons\svg\guide.svg", "XML", 0, 0, 0, 0, 0, 1, 0, 0, 1
"d:\Employment\code\Club_Management_System\vue-element-admin\src\icons\svg\icon.svg", "XML", 0, 0, 0, 0, 0, 1, 0, 0, 1
"d:\Employment\code\Club_Management_System\vue-element-admin\src\icons\svg\international.svg", "XML", 0, 0, 0, 0, 0, 1, 0, 0, 1
"d:\Employment\code\Club_Management_System\vue-element-admin\src\icons\svg\language.svg", "XML", 0, 0, 0, 0, 0, 1, 0, 0, 1
"d:\Employment\code\Club_Management_System\vue-element-admin\src\icons\svg\link.svg", "XML", 0, 0, 0, 0, 0, 1, 0, 0, 1
"d:\Employment\code\Club_Management_System\vue-element-admin\src\icons\svg\list.svg", "XML", 0, 0, 0, 0, 0, 1, 0, 0, 1
"d:\Employment\code\Club_Management_System\vue-element-admin\src\icons\svg\lock.svg", "XML", 0, 0, 0, 0, 0, 1, 0, 0, 1
"d:\Employment\code\Club_Management_System\vue-element-admin\src\icons\svg\menus.svg", "XML", 0, 0, 0, 0, 0, 1, 0, 0, 1
"d:\Employment\code\Club_Management_System\vue-element-admin\src\icons\svg\message.svg", "XML", 0, 0, 0, 0, 0, 1, 0, 0, 1
"d:\Employment\code\Club_Management_System\vue-element-admin\src\icons\svg\money.svg", "XML", 0, 0, 0, 0, 0, 1, 0, 0, 1
"d:\Employment\code\Club_Management_System\vue-element-admin\src\icons\svg\nested.svg", "XML", 0, 0, 0, 0, 0, 1, 0, 0, 1
"d:\Employment\code\Club_Management_System\vue-element-admin\src\icons\svg\password.svg", "XML", 0, 0, 0, 0, 0, 1, 0, 0, 1
"d:\Employment\code\Club_Management_System\vue-element-admin\src\icons\svg\pdf.svg", "XML", 0, 0, 0, 0, 0, 1, 0, 0, 1
"d:\Employment\code\Club_Management_System\vue-element-admin\src\icons\svg\people.svg", "XML", 0, 0, 0, 0, 0, 1, 0, 0, 1
"d:\Employment\code\Club_Management_System\vue-element-admin\src\icons\svg\peoples.svg", "XML", 0, 0, 0, 0, 0, 1, 0, 0, 1
"d:\Employment\code\Club_Management_System\vue-element-admin\src\icons\svg\qq.svg", "XML", 0, 0, 0, 0, 0, 1, 0, 0, 1
"d:\Employment\code\Club_Management_System\vue-element-admin\src\icons\svg\search.svg", "XML", 0, 0, 0, 0, 0, 1, 0, 0, 1
"d:\Employment\code\Club_Management_System\vue-element-admin\src\icons\svg\setting.svg", "XML", 0, 0, 0, 0, 0, 1, 0, 0, 1
"d:\Employment\code\Club_Management_System\vue-element-admin\src\icons\svg\shopping.svg", "XML", 0, 0, 0, 0, 0, 1, 0, 0, 1
"d:\Employment\code\Club_Management_System\vue-element-admin\src\icons\svg\size.svg", "XML", 0, 0, 0, 0, 0, 1, 0, 0, 1
"d:\Employment\code\Club_Management_System\vue-element-admin\src\icons\svg\skill.svg", "XML", 0, 0, 0, 0, 0, 1, 0, 0, 1
"d:\Employment\code\Club_Management_System\vue-element-admin\src\icons\svg\star.svg", "XML", 0, 0, 0, 0, 0, 1, 0, 0, 1
"d:\Employment\code\Club_Management_System\vue-element-admin\src\icons\svg\sub-s.svg", "XML", 0, 0, 0, 0, 0, 1, 0, 0, 1
"d:\Employment\code\Club_Management_System\vue-element-admin\src\icons\svg\tab.svg", "XML", 0, 0, 0, 0, 0, 1, 0, 0, 1
"d:\Employment\code\Club_Management_System\vue-element-admin\src\icons\svg\table.svg", "XML", 0, 0, 0, 0, 0, 1, 0, 0, 1
"d:\Employment\code\Club_Management_System\vue-element-admin\src\icons\svg\theme.svg", "XML", 0, 0, 0, 0, 0, 1, 0, 0, 1
"d:\Employment\code\Club_Management_System\vue-element-admin\src\icons\svg\tree-table.svg", "XML", 0, 0, 0, 0, 0, 1, 0, 0, 1
"d:\Employment\code\Club_Management_System\vue-element-admin\src\icons\svg\tree.svg", "XML", 0, 0, 0, 0, 0, 1, 0, 0, 1
"d:\Employment\code\Club_Management_System\vue-element-admin\src\icons\svg\user.svg", "XML", 0, 0, 0, 0, 0, 1, 0, 0, 1
"d:\Employment\code\Club_Management_System\vue-element-admin\src\icons\svg\wechat.svg", "XML", 0, 0, 0, 0, 0, 1, 0, 0, 1
"d:\Employment\code\Club_Management_System\vue-element-admin\src\icons\svg\zip.svg", "XML", 0, 0, 0, 0, 0, 1, 0, 0, 1
"d:\Employment\code\Club_Management_System\vue-element-admin\src\icons\svgo.yml", "YAML", 0, 0, 0, 0, 5, 0, 13, 5, 23
"d:\Employment\code\Club_Management_System\vue-element-admin\src\layout\components\AppMain.vue", "Vue", 0, 48, 0, 0, 0, 0, 3, 7, 58
"d:\Employment\code\Club_Management_System\vue-element-admin\src\layout\components\Navbar.vue", "Vue", 0, 168, 0, 0, 0, 0, 5, 22, 195
"d:\Employment\code\Club_Management_System\vue-element-admin\src\layout\components\Settings\index.vue", "Vue", 0, 97, 0, 0, 0, 0, 0, 12, 109
"d:\Employment\code\Club_Management_System\vue-element-admin\src\layout\components\Sidebar\FixiOSBug.js", "JavaScript", 24, 0, 0, 0, 0, 0, 2, 1, 27
"d:\Employment\code\Club_Management_System\vue-element-admin\src\layout\components\Sidebar\Item.vue", "Vue", 0, 38, 0, 0, 0, 0, 0, 4, 42
"d:\Employment\code\Club_Management_System\vue-element-admin\src\layout\components\Sidebar\Link.vue", "Vue", 0, 41, 0, 0, 0, 0, 0, 3, 44
"d:\Employment\code\Club_Management_System\vue-element-admin\src\layout\components\Sidebar\Logo.vue", "Vue", 0, 74, 0, 0, 0, 0, 0, 9, 83
"d:\Employment\code\Club_Management_System\vue-element-admin\src\layout\components\Sidebar\SidebarItem.vue", "Vue", 0, 83, 0, 0, 0, 0, 6, 7, 96
"d:\Employment\code\Club_Management_System\vue-element-admin\src\layout\components\Sidebar\index.vue", "Vue", 0, 51, 0, 0, 0, 0, 1, 3, 55
"d:\Employment\code\Club_Management_System\vue-element-admin\src\layout\components\TagsView\ScrollPane.vue", "Vue", 0, 81, 0, 0, 0, 0, 4, 10, 95
"d:\Employment\code\Club_Management_System\vue-element-admin\src\layout\components\TagsView\index.vue", "Vue", 0, 280, 0, 0, 0, 0, 6, 7, 293
"d:\Employment\code\Club_Management_System\vue-element-admin\src\layout\components\index.js", "JavaScript", 5, 0, 0, 0, 0, 0, 0, 1, 6
"d:\Employment\code\Club_Management_System\vue-element-admin\src\layout\index.vue", "Vue", 0, 93, 0, 0, 0, 0, 0, 10, 103
"d:\Employment\code\Club_Management_System\vue-element-admin\src\layout\mixin\ResizeHandler.js", "JavaScript", 40, 0, 0, 0, 0, 0, 2, 4, 46
"d:\Employment\code\Club_Management_System\vue-element-admin\src\main.js", "JavaScript", 34, 0, 0, 0, 0, 0, 19, 11, 64
"d:\Employment\code\Club_Management_System\vue-element-admin\src\permission.js", "JavaScript", 47, 0, 0, 0, 0, 0, 33, 8, 88
"d:\Employment\code\Club_Management_System\vue-element-admin\src\permission\index.js", "JavaScript", 11, 0, 0, 0, 0, 0, 1, 0, 12
"d:\Employment\code\Club_Management_System\vue-element-admin\src\router\index.js", "JavaScript", 320, 0, 0, 0, 0, 0, 60, 23, 403
"d:\Employment\code\Club_Management_System\vue-element-admin\src\router\modules\charts.js", "JavaScript", 32, 0, 0, 0, 0, 0, 1, 4, 37
"d:\Employment\code\Club_Management_System\vue-element-admin\src\router\modules\components.js", "JavaScript", 98, 0, 0, 0, 0, 0, 1, 4, 103
"d:\Employment\code\Club_Management_System\vue-element-admin\src\router\modules\nested.js", "JavaScript", 62, 0, 0, 0, 0, 0, 1, 4, 67
"d:\Employment\code\Club_Management_System\vue-element-admin\src\router\modules\table.js", "JavaScript", 38, 0, 0, 0, 0, 0, 1, 3, 42
"d:\Employment\code\Club_Management_System\vue-element-admin\src\settings.js", "JavaScript", 8, 0, 0, 0, 0, 0, 22, 6, 36
"d:\Employment\code\Club_Management_System\vue-element-admin\src\store\getters.js", "JavaScript", 20, 0, 0, 0, 0, 0, 0, 1, 21
"d:\Employment\code\Club_Management_System\vue-element-admin\src\store\index.js", "JavaScript", 16, 0, 0, 0, 0, 0, 4, 6, 26
"d:\Employment\code\Club_Management_System\vue-element-admin\src\store\modules\app.js", "JavaScript", 52, 0, 0, 0, 0, 0, 0, 5, 57
"d:\Employment\code\Club_Management_System\vue-element-admin\src\store\modules\errorLog.js", "JavaScript", 25, 0, 0, 0, 0, 0, 0, 4, 29
"d:\Employment\code\Club_Management_System\vue-element-admin\src\store\modules\permission.js", "JavaScript", 63, 0, 0, 0, 0, 0, 18, 8, 89
"d:\Employment\code\Club_Management_System\vue-element-admin\src\store\modules\settings.js", "JavaScript", 28, 0, 0, 0, 0, 0, 1, 7, 36
"d:\Employment\code\Club_Management_System\vue-element-admin\src\store\modules\tagsView.js", "JavaScript", 147, 0, 0, 0, 0, 0, 2, 12, 161
"d:\Employment\code\Club_Management_System\vue-element-admin\src\store\modules\user.js", "JavaScript", 149, 0, 0, 0, 0, 0, 23, 20, 192
"d:\Employment\code\Club_Management_System\vue-element-admin\src\styles\btn.scss", "SCSS", 0, 0, 0, 83, 0, 0, 0, 17, 100
"d:\Employment\code\Club_Management_System\vue-element-admin\src\styles\element-ui.scss", "SCSS", 0, 0, 0, 64, 0, 0, 6, 15, 85
"d:\Employment\code\Club_Management_System\vue-element-admin\src\styles\element-variables.scss", "SCSS", 0, 0, 0, 13, 0, 0, 10, 9, 32
"d:\Employment\code\Club_Management_System\vue-element-admin\src\styles\index.scss", "SCSS", 0, 0, 0, 154, 0, 0, 2, 36, 192
"d:\Employment\code\Club_Management_System\vue-element-admin\src\styles\mixin.scss", "SCSS", 0, 0, 0, 56, 0, 0, 0, 11, 67
"d:\Employment\code\Club_Management_System\vue-element-admin\src\styles\sidebar.scss", "SCSS", 0, 0, 0, 180, 0, 0, 6, 41, 227
"d:\Employment\code\Club_Management_System\vue-element-admin\src\styles\transition.scss", "SCSS", 0, 0, 0, 35, 0, 0, 4, 10, 49
"d:\Employment\code\Club_Management_System\vue-element-admin\src\styles\variables.scss", "SCSS", 0, 0, 0, 26, 0, 0, 4, 6, 36
"d:\Employment\code\Club_Management_System\vue-element-admin\src\utils\auth.js", "JavaScript", 24, 0, 0, 0, 0, 0, 4, 3, 31
"d:\Employment\code\Club_Management_System\vue-element-admin\src\utils\clipboard.js", "JavaScript", 29, 0, 0, 0, 0, 0, 0, 4, 33
"d:\Employment\code\Club_Management_System\vue-element-admin\src\utils\error-log.js", "JavaScript", 28, 0, 0, 0, 0, 0, 4, 4, 36
"d:\Employment\code\Club_Management_System\vue-element-admin\src\utils\get-page-title.js", "JavaScript", 8, 0, 0, 0, 0, 0, 0, 3, 11
"d:\Employment\code\Club_Management_System\vue-element-admin\src\utils\index.js", "JavaScript", 234, 0, 0, 0, 0, 0, 98, 26, 358
"d:\Employment\code\Club_Management_System\vue-element-admin\src\utils\leafUtils.js", "JavaScript", 18, 0, 0, 0, 0, 0, 1, 0, 19
"d:\Employment\code\Club_Management_System\vue-element-admin\src\utils\myconfirm.js", "JavaScript", 16, 0, 0, 0, 0, 0, 1, 1, 18
"d:\Employment\code\Club_Management_System\vue-element-admin\src\utils\objCoppy.js", "JavaScript", 5, 0, 0, 0, 0, 0, 1, 1, 7
"d:\Employment\code\Club_Management_System\vue-element-admin\src\utils\open-window.js", "JavaScript", 12, 0, 0, 0, 0, 0, 9, 5, 26
"d:\Employment\code\Club_Management_System\vue-element-admin\src\utils\permission.js", "JavaScript", 14, 0, 0, 0, 0, 0, 5, 3, 22
"d:\Employment\code\Club_Management_System\vue-element-admin\src\utils\request.js", "JavaScript", 201, 0, 0, 0, 0, 0, 46, 5, 252
"d:\Employment\code\Club_Management_System\vue-element-admin\src\utils\resrtForm.js", "JavaScript", 8, 0, 0, 0, 0, 0, 4, 0, 12
"d:\Employment\code\Club_Management_System\vue-element-admin\src\utils\scroll-to.js", "JavaScript", 39, 0, 0, 0, 0, 0, 15, 5, 59
"d:\Employment\code\Club_Management_System\vue-element-admin\src\utils\validate.js", "JavaScript", 55, 0, 0, 0, 0, 0, 45, 12, 112
"d:\Employment\code\Club_Management_System\vue-element-admin\src\vendor\Export2Excel.js", "JavaScript", 180, 0, 0, 0, 0, 0, 15, 26, 221
"d:\Employment\code\Club_Management_System\vue-element-admin\src\vendor\Export2Zip.js", "JavaScript", 22, 0, 0, 0, 0, 0, 1, 2, 25
"d:\Employment\code\Club_Management_System\vue-element-admin\src\views\activity\activity\index.vue", "Vue", 0, 8, 0, 0, 0, 0, 0, 3, 11
"d:\Employment\code\Club_Management_System\vue-element-admin\src\views\activity\eventApproval\applicationList.vue", "Vue", 0, 237, 0, 0, 0, 0, 14, 4, 255
"d:\Employment\code\Club_Management_System\vue-element-admin\src\views\activity\eventList\index.vue", "Vue", 0, 429, 0, 0, 0, 0, 17, 11, 457
"d:\Employment\code\Club_Management_System\vue-element-admin\src\views\activity\event_request\index.vue", "Vue", 0, 27, 0, 0, 0, 0, 0, 4, 31
"d:\Employment\code\Club_Management_System\vue-element-admin\src\views\activity\meeting\meetList.vue", "Vue", 0, 279, 0, 0, 0, 0, 22, 9, 310
"d:\Employment\code\Club_Management_System\vue-element-admin\src\views\activity\news\components\ArticleDetail.vue", "Vue", 0, 282, 0, 0, 0, 0, 34, 11, 327
"d:\Employment\code\Club_Management_System\vue-element-admin\src\views\activity\news\components\Dropdown\Comment.vue", "Vue", 0, 40, 0, 0, 0, 0, 0, 2, 42
"d:\Employment\code\Club_Management_System\vue-element-admin\src\views\activity\news\components\Dropdown\Platform.vue", "Vue", 0, 45, 0, 0, 0, 0, 0, 2, 47
"d:\Employment\code\Club_Management_System\vue-element-admin\src\views\activity\news\components\Dropdown\SourceUrl.vue", "Vue", 0, 37, 0, 0, 0, 0, 0, 2, 39
"d:\Employment\code\Club_Management_System\vue-element-admin\src\views\activity\news\components\Dropdown\index.js", "JavaScript", 3, 0, 0, 0, 0, 0, 0, 1, 4
"d:\Employment\code\Club_Management_System\vue-element-admin\src\views\activity\news\manageNews\create.vue", "Vue", 0, 10, 0, 0, 0, 0, 0, 4, 14
"d:\Employment\code\Club_Management_System\vue-element-admin\src\views\activity\news\manageNews\edit.vue", "Vue", 0, 10, 0, 0, 0, 0, 0, 4, 14
"d:\Employment\code\Club_Management_System\vue-element-admin\src\views\activity\news\manageNews\list copy.vue", "Vue", 0, 93, 0, 0, 0, 0, 0, 13, 106
"d:\Employment\code\Club_Management_System\vue-element-admin\src\views\activity\news\manageNews\list.vue", "Vue", 0, 142, 0, 0, 0, 0, 7, 7, 156
"d:\Employment\code\Club_Management_System\vue-element-admin\src\views\charts\keyboard.vue", "Vue", 0, 19, 0, 0, 0, 0, 0, 5, 24
"d:\Employment\code\Club_Management_System\vue-element-admin\src\views\charts\line.vue", "Vue", 0, 19, 0, 0, 0, 0, 0, 5, 24
"d:\Employment\code\Club_Management_System\vue-element-admin\src\views\charts\mix-chart.vue", "Vue", 0, 19, 0, 0, 0, 0, 0, 5, 24
"d:\Employment\code\Club_Management_System\vue-element-admin\src\views\clipboard\index.vue", "Vue", 0, 46, 0, 0, 0, 0, 0, 4, 50
"d:\Employment\code\Club_Management_System\vue-element-admin\src\views\components-demo\avatar-upload.vue", "Vue", 0, 54, 0, 0, 0, 0, 0, 8, 62
"d:\Employment\code\Club_Management_System\vue-element-admin\src\views\components-demo\back-to-top.vue", "Vue", 0, 150, 0, 0, 0, 0, 1, 4, 155
"d:\Employment\code\Club_Management_System\vue-element-admin\src\views\components-demo\count-to.vue", "Vue", 0, 207, 0, 0, 0, 0, 0, 12, 219
"d:\Employment\code\Club_Management_System\vue-element-admin\src\views\components-demo\dnd-list.vue", "Vue", 0, 36, 0, 0, 0, 0, 0, 4, 40
"d:\Employment\code\Club_Management_System\vue-element-admin\src\views\components-demo\drag-dialog.vue", "Vue", 0, 58, 0, 0, 0, 0, 1, 3, 62
"d:\Employment\code\Club_Management_System\vue-element-admin\src\views\components-demo\drag-kanban.vue", "Vue", 0, 64, 0, 0, 0, 0, 0, 3, 67
"d:\Employment\code\Club_Management_System\vue-element-admin\src\views\components-demo\drag-select.vue", "Vue", 0, 40, 0, 0, 0, 0, 0, 4, 44
"d:\Employment\code\Club_Management_System\vue-element-admin\src\views\components-demo\dropzone.vue", "Vue", 0, 28, 0, 0, 0, 0, 0, 4, 32
"d:\Employment\code\Club_Management_System\vue-element-admin\src\views\components-demo\json-editor.vue", "Vue", 0, 31, 0, 0, 0, 0, 0, 6, 37
"d:\Employment\code\Club_Management_System\vue-element-admin\src\views\components-demo\markdown.vue", "Vue", 0, 91, 0, 0, 0, 0, 0, 11, 102
"d:\Employment\code\Club_Management_System\vue-element-admin\src\views\components-demo\mixin.vue", "Vue", 0, 161, 0, 0, 0, 0, 0, 9, 170
"d:\Employment\code\Club_Management_System\vue-element-admin\src\views\components-demo\split-pane.vue", "Vue", 0, 60, 0, 0, 0, 0, 0, 8, 68
"d:\Employment\code\Club_Management_System\vue-element-admin\src\views\components-demo\sticky.vue", "Vue", 0, 127, 0, 0, 0, 0, 0, 9, 136
"d:\Employment\code\Club_Management_System\vue-element-admin\src\views\components-demo\tinymce.vue", "Vue", 0, 32, 0, 0, 0, 0, 0, 5, 37
"d:\Employment\code\Club_Management_System\vue-element-admin\src\views\dashboard\admin\components\BarChart.vue", "Vue", 0, 98, 0, 0, 0, 0, 0, 5, 103
"d:\Employment\code\Club_Management_System\vue-element-admin\src\views\dashboard\admin\components\BoxCard.vue", "Vue", 0, 114, 0, 0, 0, 0, 0, 5, 119
"d:\Employment\code\Club_Management_System\vue-element-admin\src\views\dashboard\admin\components\LineChart.vue", "Vue", 0, 133, 0, 0, 0, 0, 0, 3, 136
"d:\Employment\code\Club_Management_System\vue-element-admin\src\views\dashboard\admin\components\PanelGroup.vue", "Vue", 0, 159, 0, 0, 0, 0, 0, 23, 182
"d:\Employment\code\Club_Management_System\vue-element-admin\src\views\dashboard\admin\components\PieChart.vue", "Vue", 0, 76, 0, 0, 0, 0, 0, 4, 80
"d:\Employment\code\Club_Management_System\vue-element-admin\src\views\dashboard\admin\components\RaddarChart.vue", "Vue", 0, 112, 0, 0, 0, 0, 0, 5, 117
"d:\Employment\code\Club_Management_System\vue-element-admin\src\views\dashboard\admin\components\TodoList\Todo.vue", "Vue", 0, 80, 0, 0, 0, 0, 0, 2, 82
"d:\Employment\code\Club_Management_System\vue-element-admin\src\views\dashboard\admin\components\TodoList\index.scss", "SCSS", 0, 0, 0, 309, 0, 0, 11, 1, 321
"d:\Employment\code\Club_Management_System\vue-element-admin\src\views\dashboard\admin\components\TodoList\index.vue", "Vue", 0, 123, 0, 0, 0, 0, 1, 4, 128
"d:\Employment\code\Club_Management_System\vue-element-admin\src\views\dashboard\admin\components\TransactionTable.vue", "Vue", 0, 53, 0, 0, 0, 0, 0, 3, 56
"d:\Employment\code\Club_Management_System\vue-element-admin\src\views\dashboard\admin\components\mixins\resize.js", "JavaScript", 50, 0, 0, 0, 0, 0, 4, 2, 56
"d:\Employment\code\Club_Management_System\vue-element-admin\src\views\dashboard\admin\index.vue", "Vue", 0, 113, 0, 0, 0, 0, 0, 12, 125
"d:\Employment\code\Club_Management_System\vue-element-admin\src\views\dashboard\components\LineChart.vue", "Vue", 0, 133, 0, 0, 0, 0, 0, 3, 136
"d:\Employment\code\Club_Management_System\vue-element-admin\src\views\dashboard\components\PanelGroup.vue", "Vue", 0, 155, 0, 0, 0, 0, 0, 26, 181
"d:\Employment\code\Club_Management_System\vue-element-admin\src\views\dashboard\components\mixins\resize.js", "JavaScript", 50, 0, 0, 0, 0, 0, 4, 2, 56
"d:\Employment\code\Club_Management_System\vue-element-admin\src\views\dashboard\editor\index.vue", "Vue", 0, 70, 0, 0, 0, 0, 0, 5, 75
"d:\Employment\code\Club_Management_System\vue-element-admin\src\views\dashboard\index.vue", "Vue", 0, 60, 0, 0, 0, 0, 11, 9, 80
"d:\Employment\code\Club_Management_System\vue-element-admin\src\views\documentation\index.vue", "Vue", 0, 53, 0, 0, 0, 0, 0, 5, 58
"d:\Employment\code\Club_Management_System\vue-element-admin\src\views\error-log\components\ErrorTestA.vue", "Vue", 0, 12, 0, 0, 0, 0, 0, 2, 14
"d:\Employment\code\Club_Management_System\vue-element-admin\src\views\error-log\components\ErrorTestB.vue", "Vue", 0, 10, 0, 0, 0, 0, 0, 2, 12
"d:\Employment\code\Club_Management_System\vue-element-admin\src\views\error-log\index.vue", "Vue", 0, 29, 0, 0, 0, 0, 0, 4, 33
"d:\Employment\code\Club_Management_System\vue-element-admin\src\views\error-page\401.vue", "Vue", 0, 96, 0, 0, 0, 0, 0, 4, 100
"d:\Employment\code\Club_Management_System\vue-element-admin\src\views\error-page\404.vue", "Vue", 0, 225, 0, 0, 0, 0, 0, 4, 229
"d:\Employment\code\Club_Management_System\vue-element-admin\src\views\example\components\ArticleDetail.vue", "Vue", 0, 256, 0, 0, 0, 0, 10, 24, 290
"d:\Employment\code\Club_Management_System\vue-element-admin\src\views\example\components\Dropdown\Comment.vue", "Vue", 0, 40, 0, 0, 0, 0, 0, 2, 42
"d:\Employment\code\Club_Management_System\vue-element-admin\src\views\example\components\Dropdown\Platform.vue", "Vue", 0, 45, 0, 0, 0, 0, 0, 2, 47
"d:\Employment\code\Club_Management_System\vue-element-admin\src\views\example\components\Dropdown\SourceUrl.vue", "Vue", 0, 37, 0, 0, 0, 0, 0, 2, 39
"d:\Employment\code\Club_Management_System\vue-element-admin\src\views\example\components\Dropdown\index.js", "JavaScript", 3, 0, 0, 0, 0, 0, 0, 1, 4
"d:\Employment\code\Club_Management_System\vue-element-admin\src\views\example\components\Warning.vue", "Vue", 0, 12, 0, 0, 0, 0, 0, 2, 14
"d:\Employment\code\Club_Management_System\vue-element-admin\src\views\example\create.vue", "Vue", 0, 10, 0, 0, 0, 0, 0, 4, 14
"d:\Employment\code\Club_Management_System\vue-element-admin\src\views\example\edit.vue", "Vue", 0, 10, 0, 0, 0, 0, 0, 4, 14
"d:\Employment\code\Club_Management_System\vue-element-admin\src\views\example\list.vue", "Vue", 0, 102, 0, 0, 0, 0, 0, 11, 113
"d:\Employment\code\Club_Management_System\vue-element-admin\src\views\excel\components\AutoWidthOption.vue", "Vue", 0, 33, 0, 0, 0, 0, 0, 2, 35
"d:\Employment\code\Club_Management_System\vue-element-admin\src\views\excel\components\BookTypeOption.vue", "Vue", 0, 38, 0, 0, 0, 0, 0, 2, 40
"d:\Employment\code\Club_Management_System\vue-element-admin\src\views\excel\components\FilenameOption.vue", "Vue", 0, 26, 0, 0, 0, 0, 0, 2, 28
"d:\Employment\code\Club_Management_System\vue-element-admin\src\views\excel\export-excel.vue", "Vue", 0, 110, 0, 0, 0, 0, 1, 6, 117
"d:\Employment\code\Club_Management_System\vue-element-admin\src\views\excel\merge-header.vue", "Vue", 0, 96, 0, 0, 0, 0, 0, 6, 102
"d:\Employment\code\Club_Management_System\vue-element-admin\src\views\excel\select-excel.vue", "Vue", 0, 105, 0, 0, 0, 0, 0, 3, 108
"d:\Employment\code\Club_Management_System\vue-element-admin\src\views\excel\upload-excel.vue", "Vue", 0, 38, 0, 0, 0, 0, 0, 5, 43
"d:\Employment\code\Club_Management_System\vue-element-admin\src\views\finance\curves\index.vue", "Vue", 0, 69, 0, 0, 0, 0, 0, 6, 75
"d:\Employment\code\Club_Management_System\vue-element-admin\src\views\finance\finance\index.vue", "Vue", 0, 8, 0, 0, 0, 0, 0, 3, 11
"d:\Employment\code\Club_Management_System\vue-element-admin\src\views\finance\listin\index.vue", "Vue", 0, 288, 0, 0, 0, 0, 30, 8, 326
"d:\Employment\code\Club_Management_System\vue-element-admin\src\views\finance\listout\index.vue", "Vue", 0, 347, 0, 0, 0, 0, 31, 8, 386
"d:\Employment\code\Club_Management_System\vue-element-admin\src\views\goods\goodsBrand\goodsBrandList.vue", "Vue", 0, 8, 0, 0, 0, 0, 0, 3, 11
"d:\Employment\code\Club_Management_System\vue-element-admin\src\views\goods\goodsCategory\goodsCategoryList.vue", "Vue", 0, 8, 0, 0, 0, 0, 0, 3, 11
"d:\Employment\code\Club_Management_System\vue-element-admin\src\views\goods\goods\index.vue", "Vue", 0, 8, 0, 0, 0, 0, 0, 3, 11
"d:\Employment\code\Club_Management_System\vue-element-admin\src\views\guide\index.vue", "Vue", 0, 34, 0, 0, 0, 0, 0, 3, 37
"d:\Employment\code\Club_Management_System\vue-element-admin\src\views\guide\steps.js", "JavaScript", 52, 0, 0, 0, 0, 0, 0, 2, 54
"d:\Employment\code\Club_Management_System\vue-element-admin\src\views\icons\element-icons.js", "JavaScript", 2, 0, 0, 0, 0, 0, 0, 2, 4
"d:\Employment\code\Club_Management_System\vue-element-admin\src\views\icons\index.vue", "Vue", 0, 94, 0, 0, 0, 0, 0, 8, 102
"d:\Employment\code\Club_Management_System\vue-element-admin\src\views\icons\svg-icons.js", "JavaScript", 7, 0, 0, 0, 0, 0, 0, 4, 11
"d:\Employment\code\Club_Management_System\vue-element-admin\src\views\login\auth-redirect.vue", "Vue", 0, 15, 0, 0, 0, 0, 0, 1, 16
"d:\Employment\code\Club_Management_System\vue-element-admin\src\views\login\components\SocialSignin.vue", "Vue", 0, 58, 0, 0, 0, 0, 11, 4, 73
"d:\Employment\code\Club_Management_System\vue-element-admin\src\views\login\index copy.vue", "Vue", 0, 274, 0, 0, 0, 0, 27, 28, 329
"d:\Employment\code\Club_Management_System\vue-element-admin\src\views\login\index.vue", "Vue", 0, 171, 0, 0, 0, 0, 8, 3, 182
"d:\Employment\code\Club_Management_System\vue-element-admin\src\views\nested\menu1\index.vue", "Vue", 0, 7, 0, 0, 0, 0, 0, 1, 8
"d:\Employment\code\Club_Management_System\vue-element-admin\src\views\nested\menu1\menu1-1\index.vue", "Vue", 0, 7, 0, 0, 0, 0, 0, 1, 8
"d:\Employment\code\Club_Management_System\vue-element-admin\src\views\nested\menu1\menu1-2\index.vue", "Vue", 0, 7, 0, 0, 0, 0, 0, 1, 8
"d:\Employment\code\Club_Management_System\vue-element-admin\src\views\nested\menu1\menu1-2\menu1-2-1\index.vue", "Vue", 0, 5, 0, 0, 0, 0, 0, 1, 6
"d:\Employment\code\Club_Management_System\vue-element-admin\src\views\nested\menu1\menu1-2\menu1-2-2\index.vue", "Vue", 0, 5, 0, 0, 0, 0, 0, 1, 6
"d:\Employment\code\Club_Management_System\vue-element-admin\src\views\nested\menu1\menu1-3\index.vue", "Vue", 0, 5, 0, 0, 0, 0, 0, 1, 6
"d:\Employment\code\Club_Management_System\vue-element-admin\src\views\nested\menu2\index.vue", "Vue", 0, 5, 0, 0, 0, 0, 0, 1, 6
"d:\Employment\code\Club_Management_System\vue-element-admin\src\views\pdf\content.js", "JavaScript", 55, 0, 0, 0, 0, 0, 0, 4, 59
"d:\Employment\code\Club_Management_System\vue-element-admin\src\views\pdf\download.vue", "Vue", 0, 176, 0, 0, 0, 0, 1, 25, 202
"d:\Employment\code\Club_Management_System\vue-element-admin\src\views\pdf\index.vue", "Vue", 0, 12, 0, 0, 0, 0, 0, 2, 14
"d:\Employment\code\Club_Management_System\vue-element-admin\src\views\permission\components\SwitchRoles.vue", "Vue", 0, 31, 0, 0, 0, 0, 0, 2, 33
"d:\Employment\code\Club_Management_System\vue-element-admin\src\views\permission\directive.vue", "Vue", 0, 101, 0, 0, 0, 0, 0, 11, 112
"d:\Employment\code\Club_Management_System\vue-element-admin\src\views\permission\page.vue", "Vue", 0, 17, 0, 0, 0, 0, 0, 3, 20
"d:\Employment\code\Club_Management_System\vue-element-admin\src\views\permission\role.vue", "Vue", 0, 239, 0, 0, 0, 0, 9, 23, 271
"d:\Employment\code\Club_Management_System\vue-element-admin\src\views\profile\components\Account.vue", "Vue", 0, 37, 0, 0, 0, 0, 0, 2, 39
"d:\Employment\code\Club_Management_System\vue-element-admin\src\views\profile\components\Activity.vue", "Vue", 0, 166, 0, 0, 0, 0, 0, 20, 186
"d:\Employment\code\Club_Management_System\vue-element-admin\src\views\profile\components\Timeline.vue", "Vue", 0, 42, 0, 0, 0, 0, 0, 2, 44
"d:\Employment\code\Club_Management_System\vue-element-admin\src\views\profile\components\UserCard.vue", "Vue", 0, 117, 0, 0, 0, 0, 0, 18, 135
"d:\Employment\code\Club_Management_System\vue-element-admin\src\views\profile\index.vue", "Vue", 0, 63, 0, 0, 0, 0, 0, 6, 69
"d:\Employment\code\Club_Management_System\vue-element-admin\src\views\qiniu\upload.vue", "Vue", 0, 37, 0, 0, 0, 0, 2, 3, 42
"d:\Employment\code\Club_Management_System\vue-element-admin\src\views\redirect\index.vue", "Vue", 0, 12, 0, 0, 0, 0, 0, 1, 13
"d:\Employment\code\Club_Management_System\vue-element-admin\src\views\system\Menu\MenuList.vue", "Vue", 0, 451, 0, 0, 0, 0, 35, 2, 488
"d:\Employment\code\Club_Management_System\vue-element-admin\src\views\system\Role\RoleList.vue", "Vue", 0, 346, 0, 0, 0, 0, 39, 3, 388
"d:\Employment\code\Club_Management_System\vue-element-admin\src\views\system\UserApprove\UserApprove.vue", "Vue", 0, 154, 0, 0, 0, 0, 7, 4, 165
"d:\Employment\code\Club_Management_System\vue-element-admin\src\views\system\User\UserList.vue", "Vue", 0, 718, 0, 0, 0, 0, 111, 5, 834
"d:\Employment\code\Club_Management_System\vue-element-admin\src\views\system\config\code.vue", "Vue", 0, 44, 0, 0, 0, 0, 0, 3, 47
"d:\Employment\code\Club_Management_System\vue-element-admin\src\views\system\config\systemDocument.vue", "Vue", 0, 34, 0, 0, 0, 0, 2, 2, 38
"d:\Employment\code\Club_Management_System\vue-element-admin\src\views\system\department\department.vue", "Vue", 0, 428, 0, 0, 0, 0, 45, 4, 477
"d:\Employment\code\Club_Management_System\vue-element-admin\src\views\tab\components\TabPane.vue", "Vue", 0, 94, 0, 0, 0, 0, 0, 10, 104
"d:\Employment\code\Club_Management_System\vue-element-admin\src\views\tab\index.vue", "Vue", 0, 53, 0, 0, 0, 0, 1, 4, 58
"d:\Employment\code\Club_Management_System\vue-element-admin\src\views\table\complex-table.vue", "Vue", 0, 368, 0, 0, 0, 0, 2, 10, 380
"d:\Employment\code\Club_Management_System\vue-element-admin\src\views\table\drag-table.vue", "Vue", 0, 138, 0, 0, 0, 0, 3, 13, 154
"d:\Employment\code\Club_Management_System\vue-element-admin\src\views\table\dynamic-table\components\FixedThead.vue", "Vue", 0, 58, 0, 0, 0, 0, 0, 5, 63
"d:\Employment\code\Club_Management_System\vue-element-admin\src\views\table\dynamic-table\components\UnfixedThead.vue", "Vue", 0, 48, 0, 0, 0, 0, 0, 3, 51
"d:\Employment\code\Club_Management_System\vue-element-admin\src\views\table\dynamic-table\index.vue", "Vue", 0, 20, 0, 0, 0, 0, 0, 5, 25
"d:\Employment\code\Club_Management_System\vue-element-admin\src\views\table\inline-edit-table.vue", "Vue", 0, 140, 0, 0, 0, 0, 0, 10, 150
"d:\Employment\code\Club_Management_System\vue-element-admin\src\views\theme\index.vue", "Vue", 0, 110, 0, 0, 0, 0, 0, 11, 121
"d:\Employment\code\Club_Management_System\vue-element-admin\src\views\zip\index.vue", "Vue", 0, 75, 0, 0, 0, 0, 0, 3, 78
"Total", "-", 3352, 18466, 26, 920, 5, 50, 1346, 1577, 25742